{
  "captured_at": "2026-04-21T11:52:15.444Z",
  "window_days": 30,
  "resolution": "1h",
  "btc": {
    "mean": -0.002672205147265083,
    "stdev": 0.005840107920305709,
    "p5": -0.01035966,
    "p20": -0.00665384,
    "p80": 0.00206431,
    "p95": 0.00421637,
    "min": -0.03771697,
    "max": 0.00664079,
    "n": 713
  },
  "eth": {
    "mean": -0.00313698903225807,
    "stdev": 0.011101353724801269,
    "p5": -0.01422066,
    "p20": -0.00633204,
    "p80": 0.00229361,
    "p95": 0.0071391,
    "min": -0.09332654,
    "max": 0.01,
    "n": 713
  },
  "sol": {
    "mean": -0.03669009224403911,
    "stdev": 0.1637959887862346,
    "p5": -0.05259088,
    "p20": -0.0243541,
    "p80": -0.00102214,
    "p95": 0.00942207,
    "min": -1.36774106,
    "max": 0.01,
    "n": 713
  },
  "combined_btc_eth": {
    "p5": -0.01134905,
    "p20": -0.006473550000000001,
    "p50": -0.00192546,
    "p80": 0.00206431,
    "p95": 0.005536862500000001,
    "n": 1426
  }
}